pathway	par_name	threshold	decision_strategy_name	estimate	2.5%	97.5%
Overall	net_benefit	1e-9	mced_test	0.044712619869086714	0.03936525114269665	0.05038883624848963
Overall	net_benefit	0.001	mced_test	0.04468948768270417	0.03936341412896742	0.05035443508330731
Overall	net_benefit	0.002	mced_test	0.04468370439511091	0.039361480560942005	0.05033222096280033
Overall	net_benefit	0.003	mced_test	0.0446760806874068	0.03935834745709399	0.050322328728526024
Overall	net_benefit	0.004	mced_test	0.04465838832106142	0.03935000129524478	0.05028020203354817
Overall	net_benefit	0.005	mced_test	0.0446397537398438	0.039319690503719563	0.05020670100201471
Overall	net_benefit	0.006	mced_test	0.044626490016412675	0.03925305525930928	0.05025396654111402
Overall	net_benefit	0.007	mced_test	0.044619145898779564	0.039329819013073836	0.05025537186468976
Overall	net_benefit	0.008	mced_test	0.04458594890295889	0.039286913838646756	0.050275678034031886
Overall	net_benefit	0.009000000000000001	mced_test	0.04457926100219351	0.03924611966933784	0.050260834388794105
Overall	net_benefit	0.01	mced_test	0.04456256822949241	0.03921519449739754	0.05023799069525351
Overall	net_benefit	0.011	mced_test	0.044544597650441754	0.039253758092118375	0.05020635327338468
Overall	net_benefit	0.012	mced_test	0.04453967978927781	0.03922128852333937	0.05019811343404579
Overall	net_benefit	0.013000000000000001	mced_test	0.04453166609755952	0.03923190214070747	0.05021554631143295
Overall	net_benefit	0.014	mced_test	0.04450474646692899	0.03920182835473911	0.05019533644028835
Overall	net_benefit	0.015	mced_test	0.04448545397380423	0.03919964116253144	0.050110456817751774
Overall	net_benefit	0.016	mced_test	0.044480655406454926	0.03911751593707697	0.050205307457702616
Overall	net_benefit	0.017	mced_test	0.044462003554223056	0.039179240644629215	0.05011795832718312
Overall	net_benefit	0.018000000000000002	mced_test	0.04442935588640855	0.03909026302932155	0.05012568222777195
Overall	net_benefit	0.019	mced_test	0.04443038707135443	0.03914661544517933	0.05011073847873229
Overall	net_benefit	0.02	mced_test	0.04440941528411729	0.03909031282205131	0.05005052734071023
Overall	net_benefit	0.021	mced_test	0.04438010641767455	0.03904982279502474	0.05003163286142408
Overall	net_benefit	0.022	mced_test	0.04438422888087435	0.039050761532443856	0.05002236090875193
Overall	net_benefit	0.023	mced_test	0.044370818008392945	0.03903852859501013	0.05003493925613768
Overall	net_benefit	0.024	mced_test	0.04435408867811002	0.039039952640210214	0.050031142859493234
Overall	net_benefit	0.025	mced_test	0.044327812998850954	0.039019160694598064	0.0500149698714985
Overall	net_benefit	0.026000000000000002	mced_test	0.04432040404367473	0.03902033473374981	0.05003618684421322
Overall	net_benefit	0.027	mced_test	0.044303814179993156	0.03898008058865976	0.04996598305272069
Overall	net_benefit	0.028	mced_test	0.04429217525336286	0.03895475591276943	0.04994509945120855
Overall	net_benefit	0.029	mced_test	0.04427458750577029	0.0389167537417855	0.04988170474119924
Overall	net_benefit	0.03	mced_test	0.04425209713290322	0.038943372578285645	0.04991732089264323
Overall	net_benefit	0.031	mced_test	0.04424574248528398	0.03890454000004279	0.04992906896401752
Overall	net_benefit	0.032	mced_test	0.04424434028841619	0.03893897116687696	0.049929622782045255
Overall	net_benefit	0.033	mced_test	0.04422178935621431	0.038880313453642325	0.04990874856232281
Overall	net_benefit	0.034	mced_test	0.04419987930367019	0.03887096313623445	0.04982486439325955
Overall	net_benefit	0.035	mced_test	0.044176829625357156	0.03888976771850635	0.049788367150701694
Overall	net_benefit	0.036000000000000004	mced_test	0.04417893650914791	0.03883286895298835	0.04983279417975251
Overall	net_benefit	0.037	mced_test	0.04414263869138512	0.038835982747860626	0.04981340138367293
Overall	net_benefit	0.038	mced_test	0.04414308230607937	0.03883683200550847	0.04984755777632644
Overall	net_benefit	0.039	mced_test	0.04410964605719783	0.03875376422498818	0.04983551788824216
Overall	net_benefit	0.04	mced_test	0.04410203631035214	0.03879152825688119	0.049753701611090516
Overall	net_benefit	0.041	mced_test	0.04408986390447851	0.03877435316483542	0.04975283985982731
Overall	net_benefit	0.042	mced_test	0.044061096679495086	0.03874245586841663	0.049718385789568234
Overall	net_benefit	0.043000000000000003	mced_test	0.04406726198898477	0.03875665394760021	0.04970863034363244
Overall	net_benefit	0.044	mced_test	0.0440287494377664	0.03866693412667429	0.0496424167233564
Overall	net_benefit	0.045	mced_test	0.04402044703183275	0.03869139992018352	0.049691097173414245
Overall	net_benefit	0.046	mced_test	0.04399262514663473	0.03868727448749937	0.049603927852014236
Overall	net_benefit	0.047	mced_test	0.04399874586525007	0.03872098880559493	0.049671495105133905
Overall	net_benefit	0.048	mced_test	0.043966225864992874	0.03870392435924743	0.0496093234118796
Overall	net_benefit	0.049	mced_test	0.043965374653146073	0.038688114030787674	0.04966129755422697
Overall	net_benefit	0.05	mced_test	0.0439614956634661	0.03858703339408573	0.04959527567991538
Overall	net_benefit	0.051000000000000004	mced_test	0.043921001013819884	0.03852415843419007	0.049528055819166986
Overall	net_benefit	0.052000000000000005	mced_test	0.04391966117472476	0.03863896828774998	0.04958681439412277
Overall	net_benefit	0.053	mced_test	0.043895833060455906	0.03854324878707924	0.04946873831955539
Overall	net_benefit	0.054	mced_test	0.043863260898833044	0.03856981723955351	0.04950831334529547
Overall	net_benefit	0.055	mced_test	0.043868277329130664	0.03852757001715895	0.04947579510462127
Overall	net_benefit	0.056	mced_test	0.043837270446365116	0.03849366636823098	0.04953377470469772
Overall	net_benefit	0.057	mced_test	0.04381594923242811	0.03850755288128593	0.049452455029863056
Overall	net_benefit	0.058	mced_test	0.04380050963427197	0.0385007315435054	0.049421738436123804
Overall	net_benefit	0.059000000000000004	mced_test	0.04378499212886003	0.03848381453798026	0.04943689130061837
Overall	net_benefit	0.06	mced_test	0.04377429558184837	0.03846455815376993	0.049415731459822115
Overall	net_benefit	0.061	mced_test	0.04375143573384984	0.038453515604807094	0.04939083089350291
Overall	net_benefit	0.062	mced_test	0.04373439005490149	0.03840837208192146	0.04938583741386064
Overall	net_benefit	0.063	mced_test	0.04373704445654764	0.03844585437870788	0.04938274460767781
Overall	net_benefit	0.064	mced_test	0.04371511993439255	0.038396911194892205	0.04936775546540352
Overall	net_benefit	0.065	mced_test	0.04369983335595465	0.03836483177559078	0.04938063265814628
Overall	net_benefit	0.066	mced_test	0.04367649590056808	0.038365289750208614	0.04930832231748967
Overall	net_benefit	0.067	mced_test	0.04366173385299011	0.03832382962985064	0.049318295743835075
Overall	net_benefit	0.068	mced_test	0.04364858721321249	0.03832533296761088	0.0493097848978623
Overall	net_benefit	0.069	mced_test	0.04362994757879098	0.038315459825059524	0.04928384675916426
Overall	net_benefit	0.07	mced_test	0.04359388200893282	0.03828699730496908	0.04920715188403271
Overall	net_benefit	0.07100000000000001	mced_test	0.043595034794930314	0.038258993498279006	0.049257937386377695
Overall	net_benefit	0.07200000000000001	mced_test	0.04357427556971362	0.038235817203225234	0.04923959553824124
Overall	net_benefit	0.073	mced_test	0.043551581553752196	0.03821171586243158	0.04917193961460702
Overall	net_benefit	0.074	mced_test	0.04353192186533059	0.038218486673839216	0.04913360747707181
Overall	net_benefit	0.075	mced_test	0.04350924164814057	0.038213684029523666	0.049140892231405484
Gynaecology	net_benefit	1e-9	mced_test	0.01831460662585824	0.012085209836031851	0.025673358022179325
Gynaecology	net_benefit	0.001	mced_test	0.018311412959795926	0.01208848427188633	0.02574279848140412
Gynaecology	net_benefit	0.002	mced_test	0.01829116423906997	0.012068232090103442	0.025711049956189214
Gynaecology	net_benefit	0.003	mced_test	0.018255989159771426	0.012014121251624781	0.02576674996865854
Gynaecology	net_benefit	0.004	mced_test	0.018236733090516953	0.012027224515013072	0.025733471752649426
Gynaecology	net_benefit	0.005	mced_test	0.018227341243167022	0.012049765992984473	0.025750511511861165
Gynaecology	net_benefit	0.006	mced_test	0.01822119296304399	0.01196294710151079	0.025732550769656155
Gynaecology	net_benefit	0.007	mced_test	0.018192840493151816	0.011993544086836547	0.02568840716547001
Gynaecology	net_benefit	0.008	mced_test	0.018178820477677386	0.011976748814478196	0.025693257048775307
Gynaecology	net_benefit	0.009000000000000001	mced_test	0.01815178529196853	0.011957388563864106	0.02569135703647768
Gynaecology	net_benefit	0.01	mced_test	0.0181139946868082	0.011899290756369597	0.025628505821006516
Gynaecology	net_benefit	0.011	mced_test	0.018146739659379806	0.011917769241737692	0.02570463990520628
Gynaecology	net_benefit	0.012	mced_test	0.01810773918534508	0.011820202396158198	0.025601424475876506
Gynaecology	net_benefit	0.013000000000000001	mced_test	0.018095790174397653	0.011913260829987433	0.02558087224518098
Gynaecology	net_benefit	0.014	mced_test	0.018058259337723682	0.011853556743089372	0.02550007652898032
Gynaecology	net_benefit	0.015	mced_test	0.01805783887955851	0.011844404429046097	0.025559681156418112
Gynaecology	net_benefit	0.016	mced_test	0.01802285077400358	0.0118290935813376	0.02547314462289462
Gynaecology	net_benefit	0.017	mced_test	0.018022774165270955	0.011832092297446731	0.025483025776715955
Gynaecology	net_benefit	0.018000000000000002	mced_test	0.01799635031930959	0.011754516655177861	0.025451754924747015
Gynaecology	net_benefit	0.019	mced_test	0.01798329342735857	0.01177186760864842	0.02546193634036256
Gynaecology	net_benefit	0.02	mced_test	0.01794462651732631	0.011759952374633821	0.025419828549166416
Gynaecology	net_benefit	0.021	mced_test	0.017932187915432433	0.011735991822921092	0.02544497944259385
Gynaecology	net_benefit	0.022	mced_test	0.017915583347227936	0.011729324778782623	0.025437037094920317
Gynaecology	net_benefit	0.023	mced_test	0.017920629464725595	0.011642306899932005	0.025332985234507152
Gynaecology	net_benefit	0.024	mced_test	0.017886024881695106	0.011666308803147825	0.025387565410414356
Gynaecology	net_benefit	0.025	mced_test	0.017883860254386454	0.011673555478909536	0.025353578843605912
Gynaecology	net_benefit	0.026000000000000002	mced_test	0.017864275442112845	0.011658205439123699	0.025383434309967035
Gynaecology	net_benefit	0.027	mced_test	0.01782827381916396	0.011612935434243351	0.025259563595662143
Gynaecology	net_benefit	0.028	mced_test	0.017826426851295277	0.011624554313395647	0.025309604023109722
Gynaecology	net_benefit	0.029	mced_test	0.01779867182914156	0.011546280766497299	0.025203962603083288
Gynaecology	net_benefit	0.03	mced_test	0.017776735757770182	0.011576450576741632	0.02529916790273076
Gynaecology	net_benefit	0.031	mced_test	0.017755153919659535	0.01155338599415278	0.025218802440986572
Gynaecology	net_benefit	0.032	mced_test	0.017723143963458556	0.011490235796454435	0.025266047168024403
Gynaecology	net_benefit	0.033	mced_test	0.01774381204140485	0.0115424902657358	0.02519320422805894
Gynaecology	net_benefit	0.034	mced_test	0.017725330571788756	0.011515290936388305	0.025204718481550918
Gynaecology	net_benefit	0.035	mced_test	0.017693739308397568	0.011498407827849845	0.025127812039215828
Gynaecology	net_benefit	0.036000000000000004	mced_test	0.017661351376121046	0.011431265878501039	0.025160596230204762
Gynaecology	net_benefit	0.037	mced_test	0.017653739241717824	0.011453773234801486	0.02513708917133636
Gynaecology	net_benefit	0.038	mced_test	0.01761890889900659	0.011419890522924275	0.0251116270825516
Gynaecology	net_benefit	0.039	mced_test	0.01763134826738067	0.01141094927794546	0.025110033061841407
Gynaecology	net_benefit	0.04	mced_test	0.017568669707004377	0.011364854855767393	0.025016266664522915
Gynaecology	net_benefit	0.041	mced_test	0.01757748010898035	0.011365624854097544	0.025063162883009475
Gynaecology	net_benefit	0.042	mced_test	0.017544085463875536	0.011305843506132297	0.025105904643725755
Gynaecology	net_benefit	0.043000000000000003	mced_test	0.017524627639897313	0.011307409502182545	0.024977314415726835
Gynaecology	net_benefit	0.044	mced_test	0.01754198650778036	0.011282848865391796	0.02508350777472012
Gynaecology	net_benefit	0.045	mced_test	0.017498330271300797	0.011224473621722034	0.025014296587515493
Gynaecology	net_benefit	0.046	mced_test	0.017483830755154986	0.011229670049348163	0.025013994661365217
Gynaecology	net_benefit	0.047	mced_test	0.017453011893614843	0.011229982544174564	0.024893092492474928
Gynaecology	net_benefit	0.048	mced_test	0.01745893658421926	0.011248970523185648	0.02498299663239036
Gynaecology	net_benefit	0.049	mced_test	0.017413156985210964	0.011159093707657901	0.024873956673024392
Gynaecology	net_benefit	0.05	mced_test	0.017400994302967227	0.01113566794260887	0.02495840629930469
Gynaecology	net_benefit	0.051000000000000004	mced_test	0.01738019750098084	0.01113226814289107	0.024790982984948542
Gynaecology	net_benefit	0.052000000000000005	mced_test	0.017370341650611652	0.011131744604021908	0.024792298380646168
Gynaecology	net_benefit	0.053	mced_test	0.017369810884483347	0.011167141984454246	0.024931945487358404
Gynaecology	net_benefit	0.054	mced_test	0.017341305774013088	0.011127644576406305	0.02487135128164301
Gynaecology	net_benefit	0.055	mced_test	0.017312359187197535	0.01109008135685379	0.02475631897049015
Gynaecology	net_benefit	0.056	mced_test	0.01728828390963301	0.011073023604068637	0.024707250567701684
Gynaecology	net_benefit	0.057	mced_test	0.01726089267122426	0.011067437686824869	0.024715183576406993
Gynaecology	net_benefit	0.058	mced_test	0.017245835218104306	0.011032239919933535	0.02470802338823811
Gynaecology	net_benefit	0.059000000000000004	mced_test	0.017222440621976354	0.010980554715884668	0.02465485338479694
Gynaecology	net_benefit	0.06	mced_test	0.017222180538262598	0.010968405199196375	0.024743204275723577
Gynaecology	net_benefit	0.061	mced_test	0.017207012871398867	0.010973838304032327	0.02477310269738889
Gynaecology	net_benefit	0.062	mced_test	0.01716948004159399	0.010956448247323555	0.02462317105517647
Gynaecology	net_benefit	0.063	mced_test	0.01717717302398465	0.010956322515275384	0.02467875151078476
Gynaecology	net_benefit	0.064	mced_test	0.017115099882852224	0.010893264417389496	0.024561526893105267
Gynaecology	net_benefit	0.065	mced_test	0.01711507105379268	0.010858944185953841	0.02462675143529866
Gynaecology	net_benefit	0.066	mced_test	0.017107740601893087	0.010854675081256992	0.024652766064366834
Gynaecology	net_benefit	0.067	mced_test	0.017069641615752383	0.01076713130229867	0.024501793449299238
Gynaecology	net_benefit	0.068	mced_test	0.017077674800597475	0.010805757752539946	0.024649157769509423
Gynaecology	net_benefit	0.069	mced_test	0.017037455940853652	0.010801899276096712	0.024525609532628778
Gynaecology	net_benefit	0.07	mced_test	0.017012749724778998	0.010815943468076163	0.024524030894160772
Gynaecology	net_benefit	0.07100000000000001	mced_test	0.0170040752563294	0.010759183115049599	0.024510748250713837
Gynaecology	net_benefit	0.07200000000000001	mced_test	0.016964634015445783	0.010718932446221907	0.024536889744563004
Gynaecology	net_benefit	0.073	mced_test	0.01695948817899682	0.010693880372092152	0.02448687908120862
Gynaecology	net_benefit	0.074	mced_test	0.016922113878402607	0.010676618507984265	0.024528433651381874
Gynaecology	net_benefit	0.075	mced_test	0.016929317044500253	0.01065634694758443	0.0244348438735649
Lower GI	net_benefit	1e-9	mced_test	0.04466869555945446	0.03641826268828024	0.053669319145826455
Lower GI	net_benefit	0.001	mced_test	0.044646430361562864	0.036418680516929904	0.05357825675171067
Lower GI	net_benefit	0.002	mced_test	0.044634205985539584	0.03638495819133131	0.05364971075816346
Lower GI	net_benefit	0.003	mced_test	0.04462211363229264	0.03644046114665017	0.05362062198512235
Lower GI	net_benefit	0.004	mced_test	0.04461321046374	0.0364535157315328	0.05362771860916509
Lower GI	net_benefit	0.005	mced_test	0.04460448767609558	0.03638817490766852	0.053592184829662985
Lower GI	net_benefit	0.006	mced_test	0.04460541843468546	0.036356149573784885	0.053556109928473955
Lower GI	net_benefit	0.007	mced_test	0.04459019589609953	0.03644273903573369	0.05355912251067542
Lower GI	net_benefit	0.008	mced_test	0.04459927788310468	0.036360994539582386	0.05357490953109464
Lower GI	net_benefit	0.009000000000000001	mced_test	0.04456942362482753	0.03642318792561649	0.053497010984381296
Lower GI	net_benefit	0.01	mced_test	0.04454417309440867	0.0363793803592541	0.053521773033063644
Lower GI	net_benefit	0.011	mced_test	0.04454366231529391	0.03630213603929847	0.05348722135907314
Lower GI	net_benefit	0.012	mced_test	0.04452067979324607	0.03632715246071181	0.05354302561584354
Lower GI	net_benefit	0.013000000000000001	mced_test	0.04455424349245544	0.036329671485739116	0.05351939284357041
Lower GI	net_benefit	0.014	mced_test	0.04452983327904436	0.03637013737966472	0.05355409019734552
Lower GI	net_benefit	0.015	mced_test	0.044512028335690734	0.036252119961692406	0.05346577290745803
Lower GI	net_benefit	0.016	mced_test	0.044494358872232395	0.03625165468656408	0.05337007042661392
Lower GI	net_benefit	0.017	mced_test	0.04447792298683302	0.03631345676284114	0.05354636225308566
Lower GI	net_benefit	0.018000000000000002	mced_test	0.044483110523674145	0.03631760032036967	0.05346815173051557
Lower GI	net_benefit	0.019	mced_test	0.04446015015929552	0.03625601328402785	0.05350323458936537
Lower GI	net_benefit	0.02	mced_test	0.04447645013446703	0.03626314203279022	0.05337439764902243
Lower GI	net_benefit	0.021	mced_test	0.04444504681626271	0.03630253981426794	0.05334448388937198
Lower GI	net_benefit	0.022	mced_test	0.04444144420629339	0.036276722717452414	0.05347327108227411
Lower GI	net_benefit	0.023	mced_test	0.04444009986843123	0.036240312329500306	0.053380565676044926
Lower GI	net_benefit	0.024	mced_test	0.04442639249790645	0.03616502492605964	0.053367086685335866
Lower GI	net_benefit	0.025	mced_test	0.04442402605125713	0.03617172726356234	0.05336154565481842
Lower GI	net_benefit	0.026000000000000002	mced_test	0.04440296192872331	0.036161469510347044	0.053395964272963004
Lower GI	net_benefit	0.027	mced_test	0.04440941814285316	0.03615545659685953	0.05330714852589287
Lower GI	net_benefit	0.028	mced_test	0.04439377815832623	0.0361787669961296	0.053475928153956735
Lower GI	net_benefit	0.029	mced_test	0.044387342122807094	0.03619939838735334	0.05338674622368172
Lower GI	net_benefit	0.03	mced_test	0.044353380606498134	0.036123106611842606	0.05334237744777827
Lower GI	net_benefit	0.031	mced_test	0.04435398541105913	0.03604159497426768	0.05331006078719074
Lower GI	net_benefit	0.032	mced_test	0.04435812894396224	0.03615910726360612	0.05339085721921254
Lower GI	net_benefit	0.033	mced_test	0.04433566546400475	0.0361507277998691	0.053339434165701555
Lower GI	net_benefit	0.034	mced_test	0.044335824574110144	0.03609195532161908	0.05329958018528945
Lower GI	net_benefit	0.035	mced_test	0.044307374485763634	0.0361042274205902	0.05324655220857513
Lower GI	net_benefit	0.036000000000000004	mced_test	0.04430693122672843	0.0360365253807391	0.05328749083087424
Lower GI	net_benefit	0.037	mced_test	0.04430625003680647	0.03605161829690466	0.05340801923150632
Lower GI	net_benefit	0.038	mced_test	0.04428528724465372	0.036063679063986956	0.05325688142314161
Lower GI	net_benefit	0.039	mced_test	0.04428572924780856	0.03609333081052488	0.05324196534108166
Lower GI	net_benefit	0.04	mced_test	0.044279111415100075	0.036015391556713065	0.05326821481041601
Lower GI	net_benefit	0.041	mced_test	0.044251743902276666	0.03605113651102348	0.05327379683485564
Lower GI	net_benefit	0.042	mced_test	0.04426708134158314	0.03606750609317947	0.0533217932346931
Lower GI	net_benefit	0.043000000000000003	mced_test	0.04425530125988132	0.036019678007056584	0.05318403135046962
Lower GI	net_benefit	0.044	mced_test	0.04421863612143146	0.03602355262252331	0.053159170245551654
Lower GI	net_benefit	0.045	mced_test	0.044231196024477205	0.03602844389647461	0.05324553652533516
Lower GI	net_benefit	0.046	mced_test	0.04421639878235068	0.03604497602475866	0.05320009632925783
Lower GI	net_benefit	0.047	mced_test	0.04421240399666653	0.03601933491553174	0.05319867449707184
Lower GI	net_benefit	0.048	mced_test	0.044195423564809086	0.03599863948136232	0.05320107825975093
Lower GI	net_benefit	0.049	mced_test	0.0442027183406068	0.035998938064763675	0.0532150260380704
Lower GI	net_benefit	0.05	mced_test	0.04415189577465253	0.03595432278942702	0.05319948299098083
Lower GI	net_benefit	0.051000000000000004	mced_test	0.044152727941127214	0.0359702080192265	0.05321850124010417
Lower GI	net_benefit	0.052000000000000005	mced_test	0.04415592576722558	0.03596417244138574	0.05313816014699978
Lower GI	net_benefit	0.053	mced_test	0.044145890312643106	0.03589909034275387	0.05310516093194454
Lower GI	net_benefit	0.054	mced_test	0.044145337439318325	0.03598235839422891	0.05309801728223789
Lower GI	net_benefit	0.055	mced_test	0.0441295308497037	0.03586433767546058	0.05315044604158263
Lower GI	net_benefit	0.056	mced_test	0.044119723641279404	0.035896734043297865	0.05308234638598915
Lower GI	net_benefit	0.057	mced_test	0.044097483564679595	0.03591472101524302	0.05303698016638401
Lower GI	net_benefit	0.058	mced_test	0.04409241071724434	0.0357725039595021	0.05319574576876474
Lower GI	net_benefit	0.059000000000000004	mced_test	0.0440703749583102	0.0358720074039693	0.05307158989896666
Lower GI	net_benefit	0.06	mced_test	0.044085029409243026	0.035890145120175014	0.053112192847946674
Lower GI	net_benefit	0.061	mced_test	0.044054088239807894	0.035835101259099174	0.053080587311388185
Lower GI	net_benefit	0.062	mced_test	0.04403212297311981	0.035765060923776154	0.05303024093770127
Lower GI	net_benefit	0.063	mced_test	0.04403433688530396	0.03580940134684876	0.053039939597033195
Lower GI	net_benefit	0.064	mced_test	0.044026089321634466	0.03580185117610161	0.05299647584368309
Lower GI	net_benefit	0.065	mced_test	0.04401030057159548	0.035841164363167775	0.05285519989674703
Lower GI	net_benefit	0.066	mced_test	0.04402158447300479	0.03582398048659383	0.052927844535152924
Lower GI	net_benefit	0.067	mced_test	0.0439809121890536	0.03570037728235322	0.05293684822251956
Lower GI	net_benefit	0.068	mced_test	0.04399337609081312	0.03580366622709024	0.05298467252985663
Lower GI	net_benefit	0.069	mced_test	0.04397722465427925	0.03576996708068039	0.052980242083691204
Lower GI	net_benefit	0.07	mced_test	0.043972451473714536	0.03577763283392098	0.053010383238632344
Lower GI	net_benefit	0.07100000000000001	mced_test	0.04395957542651474	0.035681358018394387	0.05294112129797832
Lower GI	net_benefit	0.07200000000000001	mced_test	0.04395933351748574	0.035734105908751465	0.05296688694544198
Lower GI	net_benefit	0.073	mced_test	0.04394379929615752	0.03570186673636471	0.052871662043372146
Lower GI	net_benefit	0.074	mced_test	0.04390561223744706	0.035649950086918944	0.052862741870287146
Lower GI	net_benefit	0.075	mced_test	0.04392928117603267	0.03567423117079502	0.052929880347679995
Lung	net_benefit	1e-9	mced_test	0.21019996506201036	0.1663706699621285	0.25746222953750814
Lung	net_benefit	0.001	mced_test	0.21026723299284222	0.16619971626115204	0.25851077943241035
Lung	net_benefit	0.002	mced_test	0.21029381215629797	0.1665267301516383	0.25812294146193693
Lung	net_benefit	0.003	mced_test	0.21033708018257383	0.16650302197257613	0.25812088661640425
Lung	net_benefit	0.004	mced_test	0.21015172479403216	0.16604048942363522	0.25763877381976275
Lung	net_benefit	0.005	mced_test	0.21016699559224364	0.16636750985913656	0.25804109217777943
Lung	net_benefit	0.006	mced_test	0.21004190821553817	0.16593924043273095	0.25812040016411747
Lung	net_benefit	0.007	mced_test	0.21014678823950825	0.16633187410247025	0.2581009733572762
Lung	net_benefit	0.008	mced_test	0.20988047650522026	0.1659646576688719	0.25762997959760303
Lung	net_benefit	0.009000000000000001	mced_test	0.2100541845899093	0.16599913746449108	0.25798144674080925
Lung	net_benefit	0.01	mced_test	0.20998414285086225	0.1658615639085322	0.2578695596425385
Lung	net_benefit	0.011	mced_test	0.20989585873908415	0.1659618527013028	0.2575352913497584
Lung	net_benefit	0.012	mced_test	0.2099507235719056	0.16575213977718356	0.2578928389853971
Lung	net_benefit	0.013000000000000001	mced_test	0.20981788835656012	0.16581839303955326	0.2579028325762895
Lung	net_benefit	0.014	mced_test	0.20987318690385012	0.16593168950426163	0.2576353949338709
Lung	net_benefit	0.015	mced_test	0.20985148439866771	0.1659273611299916	0.2574997144073317
Lung	net_benefit	0.016	mced_test	0.2097979103861881	0.1662183084586041	0.2573593501478463
Lung	net_benefit	0.017	mced_test	0.20987119746496652	0.16629428519989192	0.25785463700812694
Lung	net_benefit	0.018000000000000002	mced_test	0.20972393489861155	0.16536890653842742	0.25790397326883896
Lung	net_benefit	0.019	mced_test	0.20963638483186373	0.16568039648411195	0.2572779191738874
Lung	net_benefit	0.02	mced_test	0.20957487481830897	0.16542819557591165	0.25772719416347006
Lung	net_benefit	0.021	mced_test	0.20963378602698182	0.16562415431906752	0.2573228974457636
Lung	net_benefit	0.022	mced_test	0.2095015099844455	0.16589051906060956	0.2568465478838438
Lung	net_benefit	0.023	mced_test	0.20956467766481604	0.16532661753765215	0.2575074438460166
Lung	net_benefit	0.024	mced_test	0.20953286491502793	0.1653752191456385	0.25708867019683485
Lung	net_benefit	0.025	mced_test	0.20956287766251983	0.16579847470160447	0.2569574920065755
Lung	net_benefit	0.026000000000000002	mced_test	0.20947893855453964	0.1658982977493121	0.2574367832827396
Lung	net_benefit	0.027	mced_test	0.20950447315677181	0.16556268494236312	0.2574523043724171
Lung	net_benefit	0.028	mced_test	0.20938394413331504	0.16587031933539664	0.25713965971743735
Lung	net_benefit	0.029	mced_test	0.20937676512574555	0.16522471837777536	0.2571640666856109
Lung	net_benefit	0.03	mced_test	0.20945205771985226	0.16492008139276998	0.2570984997249379
Lung	net_benefit	0.031	mced_test	0.20934941244976113	0.1653064253867887	0.25717960831111225
Lung	net_benefit	0.032	mced_test	0.20928597992311232	0.1647961401851882	0.25654270962954184
Lung	net_benefit	0.033	mced_test	0.20928973222278868	0.16554437473217115	0.25713303804317394
Lung	net_benefit	0.034	mced_test	0.2092384113637885	0.16550119089974138	0.25685733576920655
Lung	net_benefit	0.035	mced_test	0.20927672216218815	0.16510612985900824	0.25724262115500673
Lung	net_benefit	0.036000000000000004	mced_test	0.2091773429662634	0.16509112461848838	0.25728819446720597
Lung	net_benefit	0.037	mced_test	0.209085520177946	0.16540087033287526	0.2570203929879888
Lung	net_benefit	0.038	mced_test	0.20913693605388214	0.1650766261127601	0.2568500332166488
Lung	net_benefit	0.039	mced_test	0.20913565944901136	0.16516788926341136	0.25711577031183896
Lung	net_benefit	0.04	mced_test	0.2090221158865815	0.16484600852934422	0.2567296378894685
Lung	net_benefit	0.041	mced_test	0.20901653246508464	0.16504833125184457	0.25627958754650404
Lung	net_benefit	0.042	mced_test	0.20909844759031665	0.16478893088196714	0.25695640084719995
Lung	net_benefit	0.043000000000000003	mced_test	0.20894712022426087	0.16554357830768165	0.2566507470928768
Lung	net_benefit	0.044	mced_test	0.20889979182381724	0.1653452673479613	0.2565344834688729
Lung	net_benefit	0.045	mced_test	0.20890196165955682	0.16511599273129923	0.25658328261033597
Lung	net_benefit	0.046	mced_test	0.20879605328276138	0.16451637174329725	0.25663735620758127
Lung	net_benefit	0.047	mced_test	0.20889226869753025	0.16469224579552352	0.25731735075877776
Lung	net_benefit	0.048	mced_test	0.2088583724733662	0.16480284088757755	0.25675497227474964
Lung	net_benefit	0.049	mced_test	0.20875592264996565	0.16457777407492014	0.2569787016655362
Lung	net_benefit	0.05	mced_test	0.20869814501778172	0.16466988754595513	0.2562406411075321
Lung	net_benefit	0.051000000000000004	mced_test	0.2086576928307694	0.16444532766679557	0.2568367664588457
Lung	net_benefit	0.052000000000000005	mced_test	0.20863085682294397	0.16456044751717114	0.25687579148196327
Lung	net_benefit	0.053	mced_test	0.20855263647511685	0.16454898871294574	0.2561870279916486
Lung	net_benefit	0.054	mced_test	0.2086537574715308	0.16492116950391023	0.2566405853837816
Lung	net_benefit	0.055	mced_test	0.20845534677781613	0.1644370495207169	0.2564109942079757
Lung	net_benefit	0.056	mced_test	0.2085993805336631	0.16442102529185706	0.25683886410722395
Lung	net_benefit	0.057	mced_test	0.20849716330360657	0.16424574368023734	0.2566975431594267
Lung	net_benefit	0.058	mced_test	0.2083364578218634	0.1641530832913366	0.2564284689673141
Lung	net_benefit	0.059000000000000004	mced_test	0.20840646182584055	0.16397163677952134	0.25568240226277067
Lung	net_benefit	0.06	mced_test	0.20829735204382333	0.16437609467226358	0.2561799064923979
Lung	net_benefit	0.061	mced_test	0.2085101338583152	0.16488131148722135	0.2563925729818629
Lung	net_benefit	0.062	mced_test	0.2082493409293599	0.16427844610179326	0.2564026092289155
Lung	net_benefit	0.063	mced_test	0.20826946931722398	0.1642671481400668	0.25605506887695917
Lung	net_benefit	0.064	mced_test	0.20827545688215618	0.16429737495294822	0.2565005937909855
Lung	net_benefit	0.065	mced_test	0.2082064604339937	0.1645771055354699	0.25595210233777776
Lung	net_benefit	0.066	mced_test	0.2081502531660254	0.16395215727986884	0.25583939526406585
Lung	net_benefit	0.067	mced_test	0.20822674680622122	0.16426609993877198	0.256012400440683
Lung	net_benefit	0.068	mced_test	0.20816835849430113	0.1642051148647221	0.25593315805339145
Lung	net_benefit	0.069	mced_test	0.20796084327205946	0.1635520995273848	0.25554791788418707
Lung	net_benefit	0.07	mced_test	0.20799132817097973	0.16392503675982195	0.25592434563542715
Lung	net_benefit	0.07100000000000001	mced_test	0.20814586130402968	0.16408665346931164	0.2559141334589016
Lung	net_benefit	0.07200000000000001	mced_test	0.2079621778132691	0.16371910153001726	0.2557509077624968
Lung	net_benefit	0.073	mced_test	0.20792738748190617	0.16362047583173353	0.2560898301080259
Lung	net_benefit	0.074	mced_test	0.20780289130464208	0.16390324444077276	0.25525143380453946
Lung	net_benefit	0.075	mced_test	0.20784382637640936	0.16373117550894006	0.2556888598337999
RDC	net_benefit	1e-9	mced_test	0.041238076150223985	0.025587952208316566	0.06036268279654904
RDC	net_benefit	0.001	mced_test	0.041293184752498234	0.025660819456559188	0.06045408097075093
RDC	net_benefit	0.002	mced_test	0.041261093143192214	0.02572591901960589	0.06015021327307464
RDC	net_benefit	0.003	mced_test	0.04117117053251478	0.02561474851953054	0.06008867000578797
RDC	net_benefit	0.004	mced_test	0.04123398005757896	0.02575833999394218	0.060364495157831904
RDC	net_benefit	0.005	mced_test	0.041204958745206716	0.025578508530842564	0.060263656939902786
RDC	net_benefit	0.006	mced_test	0.041192755309905155	0.02561637810767365	0.060223782981938624
RDC	net_benefit	0.007	mced_test	0.04118617744392228	0.02555513816237651	0.060463560202849174
RDC	net_benefit	0.008	mced_test	0.04113795310376739	0.025517564571269934	0.060416041907880906
RDC	net_benefit	0.009000000000000001	mced_test	0.04117375827880553	0.02553320751547439	0.06009407063402513
RDC	net_benefit	0.01	mced_test	0.04109149648474346	0.02556051577912937	0.0601313346242897
RDC	net_benefit	0.011	mced_test	0.04107543769997991	0.025427538711190724	0.06022071221184052
RDC	net_benefit	0.012	mced_test	0.04107472723204123	0.025441720709474813	0.060206244306305085
RDC	net_benefit	0.013000000000000001	mced_test	0.04104606464527201	0.02542022795035802	0.060074896032956876
RDC	net_benefit	0.014	mced_test	0.04106787564377749	0.025406439134150395	0.0602568978631572
RDC	net_benefit	0.015	mced_test	0.04104913301562792	0.02552098628374537	0.06012668008041906
RDC	net_benefit	0.016	mced_test	0.0409638114517208	0.025338709056785733	0.06010541002054807
RDC	net_benefit	0.017	mced_test	0.040978240189230575	0.025411004822815206	0.05993801227793855
RDC	net_benefit	0.018000000000000002	mced_test	0.040961443669416224	0.025376531195533996	0.0600318632230386
RDC	net_benefit	0.019	mced_test	0.040954769197120516	0.02530530319696415	0.0600994674447932
RDC	net_benefit	0.02	mced_test	0.04094421174405712	0.02535845854449131	0.05985706088866093
RDC	net_benefit	0.021	mced_test	0.04093331282076451	0.02526607917680497	0.06015280884114662
RDC	net_benefit	0.022	mced_test	0.04084895614506819	0.025230758746822447	0.059841053084991484
RDC	net_benefit	0.023	mced_test	0.0408428816615514	0.02529400961455147	0.06024313140382852
RDC	net_benefit	0.024	mced_test	0.040786449814331126	0.02530085758646166	0.05993270795579459
RDC	net_benefit	0.025	mced_test	0.040833125017978915	0.025202620946312804	0.05975044811227194
RDC	net_benefit	0.026000000000000002	mced_test	0.04079935346708594	0.025250125643852896	0.06000264292615614
RDC	net_benefit	0.027	mced_test	0.04079209050056156	0.025093382889798097	0.0598916128296006
RDC	net_benefit	0.028	mced_test	0.040795603515762655	0.025263600325894447	0.05999811032793406
RDC	net_benefit	0.029	mced_test	0.040737564639767354	0.025050457262051632	0.05977315017807953
RDC	net_benefit	0.03	mced_test	0.040787416235291675	0.025168755371570484	0.05986164704978361
RDC	net_benefit	0.031	mced_test	0.040682338794026024	0.025144575480881823	0.05994716284267365
RDC	net_benefit	0.032	mced_test	0.04066756248714175	0.025120618557584608	0.05997545696736628
RDC	net_benefit	0.033	mced_test	0.04070540923073329	0.025110870770418275	0.05996779731547428
RDC	net_benefit	0.034	mced_test	0.040662723493361815	0.024980187805473356	0.059735624536689166
RDC	net_benefit	0.035	mced_test	0.04068246531083189	0.025076473875067118	0.05954904714074975
RDC	net_benefit	0.036000000000000004	mced_test	0.04060690478247846	0.02500388153447454	0.05970899170903878
RDC	net_benefit	0.037	mced_test	0.040637744333814854	0.024941807979357036	0.05974309139173855
RDC	net_benefit	0.038	mced_test	0.040569379190896995	0.024917639114434998	0.05972008372822945
RDC	net_benefit	0.039	mced_test	0.04055915313074455	0.024995852495719607	0.05970698176842771
RDC	net_benefit	0.04	mced_test	0.040543974169517064	0.024916715493017907	0.0598297967578023
RDC	net_benefit	0.041	mced_test	0.04050924442382438	0.02503156092346917	0.05967757413560134
RDC	net_benefit	0.042	mced_test	0.040536612829388995	0.02511239166387664	0.05970051454037339
RDC	net_benefit	0.043000000000000003	mced_test	0.04053324867312116	0.02501957457050795	0.05988916994018534
RDC	net_benefit	0.044	mced_test	0.040455669318018084	0.024871352091154337	0.05960900869489201
RDC	net_benefit	0.045	mced_test	0.04046967616755164	0.02488860269587559	0.059905723765970406
RDC	net_benefit	0.046	mced_test	0.04041748058907135	0.02481015453975943	0.05969942036623331
RDC	net_benefit	0.047	mced_test	0.04042308355060638	0.024831679283081318	0.05950135998372769
RDC	net_benefit	0.048	mced_test	0.04043224878322171	0.024901471343933092	0.05960143202554752
RDC	net_benefit	0.049	mced_test	0.04036966571473406	0.02493357661206525	0.059450022249177566
RDC	net_benefit	0.05	mced_test	0.0403750494763498	0.02469849490363638	0.059475978462809734
RDC	net_benefit	0.051000000000000004	mced_test	0.040305912314142524	0.02471153998113626	0.05960177067077109
RDC	net_benefit	0.052000000000000005	mced_test	0.040317264665586314	0.02465916626940317	0.05947981701592756
RDC	net_benefit	0.053	mced_test	0.04028790721189395	0.02460307808224402	0.05935688202428335
RDC	net_benefit	0.054	mced_test	0.04026566573595483	0.02459135531664049	0.05912518909294617
RDC	net_benefit	0.055	mced_test	0.040238954597777814	0.024675808365864357	0.059321287444294477
RDC	net_benefit	0.056	mced_test	0.04022456625119048	0.024561057481818582	0.05943960347770465
RDC	net_benefit	0.057	mced_test	0.04025363496889684	0.024718151396617347	0.059387182608497756
RDC	net_benefit	0.058	mced_test	0.04020916164840633	0.024591698306809545	0.05927837554361133
RDC	net_benefit	0.059000000000000004	mced_test	0.04016239711661867	0.024569002356195756	0.05905545457466963
RDC	net_benefit	0.06	mced_test	0.04007646982523396	0.024489587465847572	0.05911977317929421
RDC	net_benefit	0.061	mced_test	0.04012254035892613	0.024499688456668826	0.05925330175092192
RDC	net_benefit	0.062	mced_test	0.04011223576462493	0.024578925717932715	0.05912413388784734
RDC	net_benefit	0.063	mced_test	0.04009047070032015	0.024424765638672477	0.05934539146350316
RDC	net_benefit	0.064	mced_test	0.04002378743063783	0.024357862614763904	0.05909621020645475
RDC	net_benefit	0.065	mced_test	0.040030900037791195	0.02442613182873692	0.05908886440555513
RDC	net_benefit	0.066	mced_test	0.03998370584159829	0.024338668737902497	0.05897506956409876
RDC	net_benefit	0.067	mced_test	0.0399931683860222	0.024388960907170968	0.05906132348422865
RDC	net_benefit	0.068	mced_test	0.039940369321704826	0.024360437063084838	0.059198205017228035
RDC	net_benefit	0.069	mced_test	0.03994096692327083	0.02439474794659593	0.05911873962476424
RDC	net_benefit	0.07	mced_test	0.039865672198143735	0.02419198068261182	0.0589975447272161
RDC	net_benefit	0.07100000000000001	mced_test	0.03995831130078574	0.024305968267342045	0.058990881222749494
RDC	net_benefit	0.07200000000000001	mced_test	0.039854319159593615	0.02422176617628548	0.05884998457563727
RDC	net_benefit	0.073	mced_test	0.03988066934764457	0.02432225604439287	0.05913678728030763
RDC	net_benefit	0.074	mced_test	0.039821978551334215	0.024184987917831843	0.05879820568936247
RDC	net_benefit	0.075	mced_test	0.03979108513483913	0.024105220803912142	0.05883863747626119
Upper GI	net_benefit	1e-9	mced_test	0.036349432895952424	0.025837116703089448	0.048506653208512225
Upper GI	net_benefit	0.001	mced_test	0.03633475904781731	0.025771683384525654	0.04850271587521152
Upper GI	net_benefit	0.002	mced_test	0.03631296305277351	0.0257748450922378	0.048561687035278335
Upper GI	net_benefit	0.003	mced_test	0.036285703707253175	0.02577104312726095	0.048538108520363034
Upper GI	net_benefit	0.004	mced_test	0.036270501467343036	0.02571378651536824	0.048603958693461694
Upper GI	net_benefit	0.005	mced_test	0.036234250554874496	0.025702370098506275	0.048495452119223764
Upper GI	net_benefit	0.006	mced_test	0.03624062818183825	0.025750904912114944	0.048502373991907516
Upper GI	net_benefit	0.007	mced_test	0.03622237200248115	0.025642954531754875	0.048497487232676904
Upper GI	net_benefit	0.008	mced_test	0.036201718271359956	0.02569861999425719	0.04846801817804386
Upper GI	net_benefit	0.009000000000000001	mced_test	0.03617766295659407	0.025658195694911227	0.04831740964708935
Upper GI	net_benefit	0.01	mced_test	0.036147045033318434	0.02563020030999623	0.04829707101375707
Upper GI	net_benefit	0.011	mced_test	0.03613318946987294	0.0256017806395483	0.04839959220576416
Upper GI	net_benefit	0.012	mced_test	0.036105486655238855	0.025638585248305024	0.04838683513572202
Upper GI	net_benefit	0.013000000000000001	mced_test	0.036074471193193375	0.025559856461399386	0.04836511214027454
Upper GI	net_benefit	0.014	mced_test	0.03607828719585096	0.0255919622368281	0.048323725043733466
Upper GI	net_benefit	0.015	mced_test	0.03605779310707691	0.025468552051499563	0.04834211006617631
Upper GI	net_benefit	0.016	mced_test	0.036015637781525445	0.025540355993934585	0.0483713618689235
Upper GI	net_benefit	0.017	mced_test	0.03602068249182318	0.025466951933805135	0.04828118442064555
Upper GI	net_benefit	0.018000000000000002	mced_test	0.0360028040403379	0.025541810762902312	0.04823926981042369
Upper GI	net_benefit	0.019	mced_test	0.03597373548886218	0.02543809490140194	0.0481636783714925
Upper GI	net_benefit	0.02	mced_test	0.03595875826121928	0.025498457808974546	0.04812037730877043
Upper GI	net_benefit	0.021	mced_test	0.03591851843970385	0.025413569494397138	0.04826320864371167
Upper GI	net_benefit	0.022	mced_test	0.035905629325222045	0.025429613814725104	0.04818981255605205
Upper GI	net_benefit	0.023	mced_test	0.03588020594166984	0.02537897330804042	0.0481464618535494
Upper GI	net_benefit	0.024	mced_test	0.03586583220915816	0.025250063226045113	0.04810294526638898
Upper GI	net_benefit	0.025	mced_test	0.03586077500943491	0.025314468828658735	0.04801504019723786
Upper GI	net_benefit	0.026000000000000002	mced_test	0.035807926789627915	0.025259221209338566	0.047932028037186214
Upper GI	net_benefit	0.027	mced_test	0.03581951094978631	0.02534014660093569	0.048040921782872593
Upper GI	net_benefit	0.028	mced_test	0.03579677381029548	0.025333205274496708	0.04809442961186575
Upper GI	net_benefit	0.029	mced_test	0.03576469870707287	0.025257173042240632	0.04802930759847459
Upper GI	net_benefit	0.03	mced_test	0.03573645473794328	0.02515334704654928	0.047965336340522906
Upper GI	net_benefit	0.031	mced_test	0.0357174784639788	0.025178120529565733	0.04797286008226967
Upper GI	net_benefit	0.032	mced_test	0.035701432126677875	0.025230795545621788	0.04788461481055984
Upper GI	net_benefit	0.033	mced_test	0.035685412274043704	0.025188652319931552	0.04798939507461945
Upper GI	net_benefit	0.034	mced_test	0.03567039972835894	0.02514982995981071	0.047947271231861224
Upper GI	net_benefit	0.035	mced_test	0.0356578666143358	0.025043293293137262	0.047856272640451766
Upper GI	net_benefit	0.036000000000000004	mced_test	0.03560506689762419	0.02508541920842433	0.04780981324432561
Upper GI	net_benefit	0.037	mced_test	0.03559346129596208	0.025079140550774075	0.047795802068586656
Upper GI	net_benefit	0.038	mced_test	0.03556333801174652	0.025033004534004203	0.047837089522719665
Upper GI	net_benefit	0.039	mced_test	0.03555897478821764	0.025030366993545765	0.04786698471238682
Upper GI	net_benefit	0.04	mced_test	0.03554234461763226	0.024955441062179506	0.04776521883115892
Upper GI	net_benefit	0.041	mced_test	0.035522917053338744	0.024977231511753132	0.04787028990190601
Upper GI	net_benefit	0.042	mced_test	0.03549109012904188	0.024936031583927987	0.047739796329605184
Upper GI	net_benefit	0.043000000000000003	mced_test	0.03547659121384242	0.024904292998941705	0.0476947087480339
Upper GI	net_benefit	0.044	mced_test	0.03545943574260681	0.024889336351990657	0.047718371960443505
Upper GI	net_benefit	0.045	mced_test	0.03542145130314884	0.024941823269197003	0.04779434064190629
Upper GI	net_benefit	0.046	mced_test	0.035386377012819444	0.02487662363859515	0.0476049019981287
Upper GI	net_benefit	0.047	mced_test	0.03539789679357058	0.024912543193103903	0.04761530564554698
Upper GI	net_benefit	0.048	mced_test	0.03536299594982624	0.024838799388616193	0.047577506711502855
Upper GI	net_benefit	0.049	mced_test	0.03532984866806329	0.02480889123552782	0.04769752675722221
Upper GI	net_benefit	0.05	mced_test	0.03533130904098756	0.02481312710596994	0.04758596566217001
Upper GI	net_benefit	0.051000000000000004	mced_test	0.035292910023003506	0.02474565713898735	0.04749358392596602
Upper GI	net_benefit	0.052000000000000005	mced_test	0.035270798867837516	0.024715443157463133	0.04757353462560052
Upper GI	net_benefit	0.053	mced_test	0.035262695981787905	0.024698429574948784	0.047538090658412344
Upper GI	net_benefit	0.054	mced_test	0.03523449326990166	0.024679456292168483	0.04758690792351583
Upper GI	net_benefit	0.055	mced_test	0.03522034875918025	0.02472171204509573	0.04746687648059451
Upper GI	net_benefit	0.056	mced_test	0.03519362462904843	0.02472444034984917	0.04748716571993361
Upper GI	net_benefit	0.057	mced_test	0.03516868268381033	0.024684499603979466	0.04749545005807873
Upper GI	net_benefit	0.058	mced_test	0.03513939082503349	0.024537367263759352	0.047324128354725874
Upper GI	net_benefit	0.059000000000000004	mced_test	0.03513776997668388	0.024610695034170287	0.04745888672968795
Upper GI	net_benefit	0.06	mced_test	0.03508635968475647	0.02458097599064262	0.047382627687155635
Upper GI	net_benefit	0.061	mced_test	0.03507768815433994	0.02455950815534261	0.047435406299504754
Upper GI	net_benefit	0.062	mced_test	0.03505777978490989	0.024555235349752454	0.04726442287654029
Upper GI	net_benefit	0.063	mced_test	0.03504241856976261	0.024475781114312405	0.04734256972216988
Upper GI	net_benefit	0.064	mced_test	0.035000584229949595	0.024396673700963614	0.04721870344968346
Upper GI	net_benefit	0.065	mced_test	0.0350048397714804	0.024442535289759263	0.04723861862365126
Upper GI	net_benefit	0.066	mced_test	0.034968985160232925	0.024348633086482274	0.047164771387111545
Upper GI	net_benefit	0.067	mced_test	0.03493997489688424	0.02433097927026346	0.047283613330722035
Upper GI	net_benefit	0.068	mced_test	0.034929705874889694	0.0244332162945696	0.04719089618187745
Upper GI	net_benefit	0.069	mced_test	0.034915443309536914	0.024340861049050456	0.047215721923869546
Upper GI	net_benefit	0.07	mced_test	0.03487456371067312	0.024365413917295197	0.047107980316792454
Upper GI	net_benefit	0.07100000000000001	mced_test	0.0348455236802354	0.024277997694356748	0.047009272120639795
Upper GI	net_benefit	0.07200000000000001	mced_test	0.034820808056311096	0.024320539105611896	0.047060164834081306
Upper GI	net_benefit	0.073	mced_test	0.034819417400974315	0.024214569349283316	0.0470190650993326
Upper GI	net_benefit	0.074	mced_test	0.03477220819606355	0.024231136142747425	0.04708824702103587
Upper GI	net_benefit	0.075	mced_test	0.03476750449853631	0.024206088257353382	0.047018719231145326
